,Country,City,Date,Active Cases,Daily New Cases,Daily New Deaths,Newly Recovered,PM2.5,PM10,O3,NO2,SO2,CO
0,Spain,Madrid,15-02-2020,0,null,0,0,79,34,20,26,2,0
1,Spain,Madrid,16-02-2020,0,0,0,0,80,28,24,24,2,0
2,Spain,Madrid,17-02-2020,0,0,0,0,73,21,14,23,2,0
3,Spain,Madrid,18-02-2020,0,0,0,0,57,17,19,25,3,0
4,Spain,Madrid,19-02-2020,0,0,0,0,44,21,26,29,3,0
5,Spain,Madrid,20-02-2020,0,0,0,0,43,33,13,41,4,0
6,Spain,Madrid,21-02-2020,0,0,0,0,67,30,23,41,4,0
7,Spain,Madrid,22-02-2020,0,0,0,0,59,34,23,43,4,0
8,Spain,Madrid,23-02-2020,0,0,0,0,68,30,30,34,3,0
9,Spain,Madrid,24-02-2020,1,1,0,0,56,33,27,39,3,0
10,Spain,Madrid,25-02-2020,7,6,0,0,62,31,27,36,3,0
11,Spain,Madrid,26-02-2020,11,4,0,0,62,15,30,19,1,0
12,Spain,Madrid,27-02-2020,23,12,0,0,30,65,27,22,2,0
13,Spain,Madrid,28-02-2020,31,8,0,0,72,65,24,32,3,0
14,Spain,Madrid,29-02-2020,56,25,0,0,88,47,26,18,2,0
15,Spain,Madrid,01-03-2020,82,26,0,0,64,28,27,10,2,0
16,Spain,Madrid,02-03-2020,118,36,0,0,29,26,30,13,2,0
17,Spain,Madrid,03-03-2020,162,45,1,0,25,17,21,21,1,0
18,Spain,Madrid,04-03-2020,224,63,1,0,47,14,24,17,2,0
19,Spain,Madrid,05-03-2020,276,54,1,1,38,15,33,17,2,0
20,Spain,Madrid,06-03-2020,387,119,5,3,38,9,32,17,2,0
21,Spain,Madrid,07-03-2020,485,124,2,24,23,13,31,21,2,0
22,Spain,Madrid,08-03-2020,625,149,7,2,32,16,25,22,3,0
23,Spain,Madrid,09-03-2020,1169,557,13,0,48,14,30,24,3,0
24,Spain,Madrid,10-03-2020,1524,464,6,103,37,13,26,17,3,0
25,Spain,Madrid,11-03-2020,2039,582,19,48,36,32,20,28,3,0
26,Spain,Madrid,12-03-2020,2871,869,31,6,59,36,21,34,3,0
27,Spain,Madrid,13-03-2020,4906,2086,47,4,64,29,31,26,2,0
28,Spain,Madrid,14-03-2020,5678,1159,63,324,64,21,38,13,2,0
29,Spain,Madrid,15-03-2020,7177,1597,98,0,60,20,32,11,2,0
30,Spain,Madrid,16-03-2020,9070,1954,48,13,56,10,25,12,2,0
31,Spain,Madrid,17-03-2020,10265,1884,191,498,39,12,30,13,2,0
32,Spain,Madrid,18-03-2020,13050,2943,105,53,46,26,22,17,3,0
33,Spain,Madrid,19-03-2020,16139,3308,193,26,59,27,33,14,0,0
34,Spain,Madrid,20-03-2020,18890,3494,262,481,57,35,28,9,1,0
35,Spain,Madrid,21-03-2020,21990,3925,288,537,56,16,27,9,1,0
36,Spain,Madrid,22-03-2020,24421,3272,391,450,43,9,29,6,2,0
37,Spain,Madrid,23-03-2020,29470,6368,539,780,29,9,27,13,1,0
38,Spain,Madrid,24-03-2020,35273,6922,680,439,33,13,27,9,1,0
39,Spain,Madrid,25-03-2020,40501,7457,656,1573,36,17,31,10,1,0
40,Spain,Madrid,26-03-2020,46406,8271,718,1648,48,14,35,15,2,0
41,Spain,Madrid,27-03-2020,51224,7933,773,2342,43,13,34,10,1,0
42,Spain,Madrid,28-03-2020,54968,7516,844,2928,46,10,37,10,2,0
43,Spain,Madrid,29-03-2020,58598,6875,821,2424,39,13,38,14,3,0
44,Spain,Madrid,30-03-2020,63460,7846,913,2071,47,12,28,8,2,0
45,Spain,Madrid,31-03-2020,68200,7967,748,2479,41,8,25,13,1,0
46,Spain,Madrid,01-04-2020,72084,8195,923,3388,32,10,30,13,2,0
47,Spain,Madrid,02-04-2020,74974,7947,961,4096,37,10,29,14,2,0
48,Spain,Madrid,03-04-2020,77488,7134,850,3770,35,11,36,12,2,0
49,Spain,Madrid,04-04-2020,80002,6969,749,3706,39,11,34,10,2,0
50,Spain,Madrid,05-04-2020,80925,5478,694,3861,42,14,34,5,2,0
51,Spain,Madrid,06-04-2020,82897,5029,700,2357,45,17,26,8,1,0
52,Spain,Madrid,07-04-2020,84689,5267,704,2771,56,26,24,13,0,0
53,Spain,Madrid,08-04-2020,85407,6278,747,4813,81,19,30,12,0,0
54,Spain,Madrid,09-04-2020,85610,5002,655,4144,61,18,29,9,1,0
55,Spain,Madrid,10-04-2020,86524,5051,634,3503,56,16,22,6,0,0
56,Argentina,Buenos Aires,15-02-2020,0,null,0,0,37,null,null,null,null,null
57,Argentina,Buenos Aires,16-02-2020,0,null,0,0,null,null,null,null,null,null
58,Argentina,Buenos Aires,17-02-2020,0,null,0,0,null,8,15,null,14,0
59,Argentina,Buenos Aires,18-02-2020,0,null,0,0,19,9,13,null,13,0
60,Argentina,Buenos Aires,19-02-2020,0,null,0,0,24,17,13,null,14,0
61,Argentina,Buenos Aires,20-02-2020,0,null,0,0,45,18,10,null,11,0
62,Argentina,Buenos Aires,21-02-2020,0,null,0,0,47,18,9,null,10,0
63,Argentina,Buenos Aires,22-02-2020,0,null,0,0,50,null,null,null,null,null
64,Argentina,Buenos Aires,23-02-2020,0,null,0,0,null,null,null,null,null,null
65,Argentina,Buenos Aires,24-02-2020,0,null,0,0,null,12,6,null,21,0
66,Argentina,Buenos Aires,25-02-2020,0,null,0,0,32,22,10,null,13,0
67,Argentina,Buenos Aires,26-02-2020,0,null,0,0,58,15,10,null,15,0
68,Argentina,Buenos Aires,27-02-2020,0,null,0,0,46,12,8,null,17,0
69,Argentina,Buenos Aires,28-02-2020,0,null,0,0,36,19,11,null,1,0
70,Argentina,Buenos Aires,29-02-2020,0,null,0,0,53,13,9,null,1,0
71,Argentina,Buenos Aires,01-03-2020,0,null,0,0,40,14,13,null,2,0
72,Argentina,Buenos Aires,02-03-2020,0,null,0,0,41,18,9,null,4,0
73,Argentina,Buenos Aires,03-03-2020,1,null,0,0,50,17,8,null,3,null
74,Argentina,Buenos Aires,04-03-2020,1,0,0,0,45,16,8,null,3,0
75,Argentina,Buenos Aires,05-03-2020,2,1,0,0,45,12,8,null,6,null
76,Argentina,Buenos Aires,06-03-2020,8,6,0,0,33,11,8,null,3,0
77,Argentina,Buenos Aires,07-03-2020,8,1,0,0,33,14,8,null,5,null
78,Argentina,Buenos Aires,08-03-2020,11,3,0,0,41,19,10,null,4,0
79,Argentina,Buenos Aires,09-03-2020,16,5,0,0,52,29,7,null,0,0
80,Argentina,Buenos Aires,10-03-2020,18,2,0,0,74,15,9,null,0,0
81,Argentina,Buenos Aires,11-03-2020,20,2,0,0,44,7,7,null,null,null
82,Argentina,Buenos Aires,12-03-2020,30,10,0,0,22,16,13,null,1,0
83,Argentina,Buenos Aires,13-03-2020,32,3,1,0,45,13,10,null,0,0
84,Argentina,Buenos Aires,14-03-2020,43,11,0,0,29,11,5,null,0,0
85,Argentina,Buenos Aires,15-03-2020,51,11,0,3,30,13,8,null,null,0
86,Argentina,Buenos Aires,16-03-2020,60,9,0,0,36,9,7,null,0,0
87,Argentina,Buenos Aires,17-03-2020,74,14,0,0,31,8,5,null,0,null
88,Argentina,Buenos Aires,18-03-2020,92,18,0,0,21,4,9,null,null,0
89,Argentina,Buenos Aires,19-03-2020,122,31,1,0,13,11,9,null,null,0
90,Argentina,Buenos Aires,20-03-2020,152,30,0,0,29,19,9,null,0,0
91,Argentina,Buenos Aires,21-03-2020,151,0,1,0,44,13,9,null,1,null
92,Argentina,Buenos Aires,22-03-2020,235,108,0,24,25,6,8,null,2,null
93,Argentina,Buenos Aires,23-03-2020,246,35,0,24,15,5,9,null,2,null
94,Argentina,Buenos Aires,24-03-2020,329,86,2,1,14,10,8,null,2,null
95,Argentina,Buenos Aires,25-03-2020,442,115,2,0,26,9,11,null,0,0
96,Argentina,Buenos Aires,26-03-2020,505,87,4,20,23,9,9,null,0,null
97,Argentina,Buenos Aires,27-03-2020,504,0,1,0,28,10,7,null,0,null
98,Argentina,Buenos Aires,28-03-2020,654,156,6,0,28,11,7,null,0,null
99,Argentina,Buenos Aires,29-03-2020,709,75,1,19,30,12,14,null,1,null
100,Argentina,Buenos Aires,30-03-2020,569,0,3,137,27,12,9,null,0,null
101,Argentina,Buenos Aires,31-03-2020,787,234,4,12,33,6,8,null,0,null
102,Argentina,Buenos Aires,01-04-2020,853,79,5,8,19,6,7,null,0,null
103,Argentina,Buenos Aires,02-04-2020,973,132,4,8,19,7,11,null,null,0
104,Argentina,Buenos Aires,03-04-2020,1045,88,6,10,17,10,8,null,0,0
105,Argentina,Buenos Aires,04-04-2020,1129,98,1,13,30,8,11,null,3,0
106,Argentina,Buenos Aires,05-04-2020,1228,103,3,1,23,7,8,null,3,null
107,Argentina,Buenos Aires,06-04-2020,1250,74,7,45,16,14,13,null,0,null
108,Argentina,Buenos Aires,07-04-2020,1317,87,7,13,33,13,13,null,null,0
109,Argentina,Buenos Aires,08-04-2020,1372,80,5,20,36,19,13,null,null,0
110,Argentina,Buenos Aires,09-04-2020,1450,99,14,7,55,14,10,null,2,null
111,Argentina,Buenos Aires,10-04-2020,1518,81,3,10,41,21,10,null,1,null
112,China,Beijing,22-01-2020,554,null,0,0,132,60,17,26,5,11
113,China,Beijing,23-01-2020,771,259,8,34,158,51,31,18,4,9
114,China,Beijing,24-01-2020,1208,457,16,4,126,62,33,8,3,6
115,China,Beijing,25-01-2020,1870,688,15,11,154,99,31,14,5,8
116,China,Beijing,26-01-2020,2613,769,24,2,206,108,31,21,7,16
117,China,Beijing,27-01-2020,4349,1771,26,9,231,null,33,21,8,19
118,China,Beijing,28-01-2020,5739,1459,26,43,235,null,48,21,8,20
119,China,Beijing,29-01-2020,7417,1737,38,21,245,38,34,17,5,12
120,China,Beijing,30-01-2020,9308,1981,43,47,154,50,35,15,3,8
121,China,Beijing,31-01-2020,11289,2099,46,72,133,41,33,17,3,9
122,China,Beijing,01-02-2020,13748,2589,45,85,120,14,32,4,1,3
123,China,Beijing,02-02-2020,16369,2825,57,147,30,25,28,5,1,3
124,China,Beijing,03-02-2020,19383,3235,64,157,85,24,29,6,1,2
125,China,Beijing,04-02-2020,22942,3884,65,260,79,19,29,6,1,2
126,China,Beijing,05-02-2020,26302,3694,73,261,38,33,19,10,1,6
127,China,Beijing,06-02-2020,28985,3143,73,387,87,31,17,10,2,10
128,China,Beijing,07-02-2020,31774,3385,86,510,119,2,18,16,2,10
129,China,Beijing,08-02-2020,33738,2652,89,599,160,24,31,17,3,9
130,China,Beijing,09-02-2020,35982,2973,97,632,127,null,23,23,1,13
131,China,Beijing,10-02-2020,37626,2467,108,715,193,null,35,25,2,13
132,China,Beijing,11-02-2020,38791,2015,97,753,195,null,41,28,5,23
133,China,Beijing,12-02-2020,51591,14108,146,1162,244,null,50,27,3,23
134,China,Beijing,13-02-2020,55748,5090,121,812,253,null,19,27,2,21
135,China,Beijing,14-02-2020,56873,2641,143,1373,261,null,26,8,1,9
136,China,Beijing,15-02-2020,57416,2008,142,1323,112,11,30,2,1,2
137,China,Beijing,16-02-2020,57934,2048,105,1425,29,7,32,2,1,2
138,China,Beijing,17-02-2020,58016,1888,98,1708,18,12,31,5,1,2
139,China,Beijing,18-02-2020,57805,1749,136,1824,27,21,29,17,1,3
140,China,Beijing,19-02-2020,56301,391,114,1781,55,32,29,20,5,10
141,China,Beijing,20-02-2020,54921,889,118,2151,126,null,29,13,4,11
142,China,Beijing,21-02-2020,53284,823,109,2351,176,84,33,12,1,7
143,China,Beijing,22-02-2020,52093,648,97,1742,135,14,35,5,0,2
144,China,Beijing,23-02-2020,49824,214,150,2333,25,47,24,19,2,5
145,China,Beijing,24-02-2020,47765,508,71,2496,110,73,25,18,5,9
146,China,Beijing,25-02-2020,45600,406,52,2519,150,60,30,11,5,8
147,China,Beijing,26-02-2020,43258,433,29,2746,127,36,37,8,3,4
148,China,Beijing,27-02-2020,39919,327,44,3622,94,31,26,11,1,4
149,China,Beijing,28-02-2020,37414,427,47,2885,79,45,35,12,1,5
150,China,Beijing,29-02-2020,35129,573,35,2823,138,null,11,15,1,12
151,China,Beijing,01-03-2020,32616,202,42,2673,167,16,31,10,1,10
152,China,Beijing,02-03-2020,30004,125,31,2706,72,25,29,14,2,5
153,China,Beijing,03-03-2020,27423,119,38,2662,80,15,25,6,1,4
154,China,Beijing,04-03-2020,25353,139,31,2178,99,15,31,5,1,2
155,China,Beijing,05-03-2020,23784,143,30,1682,47,44,35,12,2,4
156,China,Beijing,06-03-2020,22179,99,28,1676,110,67,27,23,3,7
157,China,Beijing,07-03-2020,20533,44,27,1663,168,43,39,10,2,6
158,China,Beijing,08-03-2020,19016,40,22,1535,135,null,22,13,1,9
159,China,Beijing,09-03-2020,17721,19,17,1297,171,28,28,12,1,7
160,China,Beijing,10-03-2020,16136,24,22,1587,129,30,32,8,1,2
161,China,Beijing,11-03-2020,14831,15,11,1309,52,45,25,22,2,4
162,China,Beijing,12-03-2020,13524,20,7,1320,92,38,34,14,2,5
163,China,Beijing,13-03-2020,12088,11,13,1434,74,22,32,6,0,2
164,China,Beijing,14-03-2020,10733,20,10,1365,42,35,35,5,1,1
165,China,Beijing,15-03-2020,9893,16,14,842,36,32,37,4,0,1
166,China,Beijing,16-03-2020,8967,21,13,934,34,60,32,10,1,3
167,China,Beijing,17-03-2020,8056,13,11,913,87,55,42,17,1,5
168,China,Beijing,18-03-2020,7263,34,8,819,100,108,35,18,2,6
169,China,Beijing,19-03-2020,6569,39,3,730,119,47,37,3,0,2
170,China,Beijing,20-03-2020,6013,41,7,590,39,60,34,17,2,3
171,China,Beijing,21-03-2020,5353,46,6,700,94,73,38,10,4,3
172,China,Beijing,22-03-2020,5120,39,9,263,86,60,47,10,2,3
173,China,Beijing,23-03-2020,4735,78,7,456,98,58,36,16,2,3
174,China,Beijing,24-03-2020,4287,47,4,491,102,57,40,18,7,8
175,China,Beijing,25-03-2020,3947,67,6,401,121,73,54,27,6,9
176,China,Beijing,26-03-2020,3460,55,5,537,192,25,31,4,1,3
177,China,Beijing,27-03-2020,3128,54,3,383,39,25,33,4,1,2
178,China,Beijing,28-03-2020,2691,45,5,477,17,26,32,8,0,1
179,China,Beijing,29-03-2020,2691,0,0,0,37,63,42,17,3,4
180,China,Beijing,30-03-2020,2161,79,5,604,122,69,42,16,3,6
181,China,Beijing,31-03-2020,2004,36,7,186,156,62,45,12,2,3
182,China,Beijing,01-04-2020,1863,35,6,170,151,21,35,4,0,1
183,China,Beijing,02-04-2020,1727,31,4,163,35,35,35,10,1,2
184,China,Beijing,03-04-2020,1558,19,4,184,60,39,40,11,1,2
185,China,Beijing,04-04-2020,1376,30,3,209,65,119,38,5,1,2
186,China,Beijing,05-04-2020,1299,39,2,114,84,68,43,14,2,4
187,China,Beijing,06-04-2020,1242,32,0,89,86,94,55,26,4,5
188,China,Beijing,07-04-2020,1190,62,2,112,152,83,37,21,3,5
189,China,Beijing,08-04-2020,1160,63,2,91,126,54,33,15,3,4
190,China,Beijing,09-04-2020,1116,42,1,85,76,46,38,8,1,4
191,China,Beijing,10-04-2020,1089,46,3,70,105,47,53,11,1,4
192,UK,London,15-02-2020,1,null,0,null,55,12,26,25,10,2
193,UK,London,16-02-2020,1,0,0,null,38,10,34,27,9,3
194,UK,London,17-02-2020,1,0,0,null,36,21,31,33,7,5
195,UK,London,18-02-2020,1,0,0,null,45,18,29,34,6,5
196,UK,London,19-02-2020,1,0,0,null,40,20,28,41,6,5
197,UK,London,20-02-2020,1,0,0,null,45,13,33,32,7,4
198,UK,London,21-02-2020,1,0,0,null,34,23,32,33,6,5
199,UK,London,22-02-2020,1,0,0,null,44,22,32,26,6,3
200,UK,London,23-02-2020,5,4,0,null,52,13,30,23,3,3
201,UK,London,24-02-2020,5,0,0,null,36,12,27,30,3,4
202,UK,London,25-02-2020,5,0,0,null,34,17,28,38,4,6
203,UK,London,26-02-2020,5,0,0,null,35,17,28,34,4,7
204,UK,London,27-02-2020,8,3,0,null,36,16,28,33,3,6
205,UK,London,28-02-2020,12,4,0,null,41,18,22,35,3,5
206,UK,London,29-02-2020,15,3,0,null,44,23,27,28,3,5
207,UK,London,01-03-2020,28,13,0,null,46,15,29,29,3,7
208,UK,London,02-03-2020,31,3,0,null,35,13,25,32,3,6
209,UK,London,03-03-2020,43,12,0,null,34,26,10,40,5,9
210,UK,London,04-03-2020,79,36,0,null,54,22,21,42,4,8
211,UK,London,05-03-2020,97,29,1,null,52,20,24,26,5,3
212,UK,London,06-03-2020,144,48,1,null,59,28,26,36,4,6
213,UK,London,07-03-2020,189,45,0,null,63,29,29,37,3,6
214,UK,London,08-03-2020,257,69,1,null,61,16,33,29,4,4
215,UK,London,09-03-2020,298,43,2,null,42,17,28,37,3,5
216,UK,London,10-03-2020,359,62,1,null,39,10,25,30,3,3
217,UK,London,11-03-2020,434,77,2,null,35,14,34,39,3,4
218,UK,London,12-03-2020,562,130,2,null,30,19,27,35,3,5
219,UK,London,13-03-2020,769,208,1,null,43,18,27,33,2,6
220,UK,London,14-03-2020,1101,342,10,null,45,13,27,21,1,4
221,UK,London,15-03-2020,1336,251,14,null,29,10,23,11,1,3
222,UK,London,16-03-2020,1436,152,20,null,23,14,12,20,1,6
223,UK,London,17-03-2020,1814,407,16,null,38,15,18,14,1,4
224,UK,London,18-03-2020,2457,676,33,null,31,19,23,16,2,3
225,UK,London,19-03-2020,3060,643,40,null,41,22,24,22,3,2
226,UK,London,20-03-2020,3741,714,33,null,57,17,27,16,3,3
227,UK,London,21-03-2020,4692,1035,56,null,35,19,27,15,3,5
228,UK,London,22-03-2020,5309,665,48,null,41,20,26,14,3,5
229,UK,London,23-03-2020,6180,967,54,null,53,26,21,29,4,7
230,UK,London,24-03-2020,7520,1427,87,null,58,25,32,28,3,5
231,UK,London,25-03-2020,8931,1452,41,null,60,36,28,30,4,7
232,UK,London,26-03-2020,10945,2129,115,null,80,47,34,21,5,6
233,UK,London,27-03-2020,13649,2885,181,null,99,40,40,16,9,4
234,UK,London,28-03-2020,15935,2546,260,null,90,30,37,9,4,4
235,UK,London,29-03-2020,18159,2433,209,null,56,21,34,6,3,6
236,UK,London,30-03-2020,20598,2619,180,null,29,17,32,12,3,4
237,UK,London,31-03-2020,23226,3009,381,null,26,18,33,15,5,5
238,UK,London,01-04-2020,26987,4324,563,null,38,22,31,24,6,5
239,UK,London,02-04-2020,30662,4244,569,null,58,15,32,32,8,5
240,UK,London,03-04-2020,34428,4450,684,null,38,20,32,25,9,5
241,UK,London,04-04-2020,37455,3735,708,null,46,21,36,19,9,4
242,UK,London,05-04-2020,42737,5903,621,null,56,18,40,13,11,4
243,UK,London,06-04-2020,46100,3802,439,null,53,18,34,26,8,3
244,UK,London,07-04-2020,48948,3634,786,null,47,31,35,26,4,4
245,UK,London,08-04-2020,53501,5491,938,null,62,54,38,29,5,3
246,UK,London,09-04-2020,56964,4344,881,null,109,55,38,27,6,3
247,UK,London,10-04-2020,64456,8681,980,null,121,48,38,23,5,3
248,France,Paris,15-02-2020,7,null,0,0,57,35,23,31,0,0
249,France,Paris,16-02-2020,7,0,0,0,61,20,24,15,0,0
250,France,Paris,17-02-2020,6,0,0,1,40,20,28,32,0,0
251,France,Paris,18-02-2020,4,0,0,2,34,27,25,31,0,0
252,France,Paris,19-02-2020,4,0,0,0,40,27,26,35,0,0
253,France,Paris,20-02-2020,4,0,0,0,45,25,23,29,0,0
254,France,Paris,21-02-2020,4,0,0,0,43,32,23,30,null,0
255,France,Paris,22-02-2020,1,0,0,3,45,28,22,27,null,0
256,France,Paris,23-02-2020,1,0,0,0,49,14,21,20,0,0
257,France,Paris,24-02-2020,0,0,0,1,31,17,18,24,0,0
258,France,Paris,25-02-2020,2,2,0,0,27,20,27,34,0,0
259,France,Paris,26-02-2020,5,4,1,0,34,22,26,35,0,0
260,France,Paris,27-02-2020,25,20,0,0,36,22,21,32,0,0
261,France,Paris,28-02-2020,44,19,0,0,42,36,17,39,0,0
262,France,Paris,29-02-2020,86,43,0,1,58,37,30,26,0,0
263,France,Paris,01-03-2020,116,30,0,0,53,16,28,29,0,0
264,France,Paris,02-03-2020,176,61,1,0,41,17,24,35,1,0
265,France,Paris,03-03-2020,196,21,1,0,43,42,29,47,0,0
266,France,Paris,04-03-2020,269,73,0,0,53,28,20,36,0,0
267,France,Paris,05-03-2020,404,138,3,0,45,16,21,30,0,0
268,France,Paris,06-03-2020,632,230,2,0,39,28,27,39,0,0
269,France,Paris,07-03-2020,921,296,7,0,54,34,27,43,1,0
270,France,Paris,08-03-2020,1178,260,3,0,62,21,28,29,0,0
271,France,Paris,09-03-2020,1370,203,11,0,47,25,26,33,0,0
272,France,Paris,10-03-2020,1739,372,3,0,42,16,25,25,0,0
273,France,Paris,11-03-2020,2221,497,15,0,28,22,27,23,0,0
274,France,Paris,12-03-2020,2803,595,13,0,28,27,28,32,0,0
275,France,Paris,13-03-2020,3570,785,18,0,39,30,27,24,0,0
276,France,Paris,14-03-2020,4396,838,12,0,41,24,21,26,null,0
277,France,Paris,15-03-2020,5284,924,36,0,49,26,28,27,null,0
278,France,Paris,16-03-2020,6473,1210,21,0,54,27,18,35,null,0
279,France,Paris,17-03-2020,6953,1097,27,590,62,39,16,33,null,0
280,France,Paris,18-03-2020,8268,1404,89,0,80,45,29,31,null,0
281,France,Paris,19-03-2020,9328,1861,108,693,98,34,31,25,null,0
282,France,Paris,20-03-2020,10575,1617,78,292,76,42,17,15,0,0
283,France,Paris,21-03-2020,12310,1847,112,0,98,14,22,10,0,0
284,France,Paris,22-03-2020,13144,1559,112,613,40,14,32,10,0,0
285,France,Paris,23-03-2020,16796,3838,186,0,44,17,31,17,0,0
286,France,Paris,24-03-2020,17923,2448,240,1081,43,20,33,24,0,0
287,France,Paris,25-03-2020,20002,2929,231,619,46,28,35,21,0,0
288,France,Paris,26-03-2020,22511,3922,365,1048,63,28,35,22,0,0
289,France,Paris,27-03-2020,25269,3809,299,752,65,43,33,26,0,0
290,France,Paris,28-03-2020,29561,4611,319,0,86,58,35,19,0,0
291,France,Paris,29-03-2020,30366,2599,292,1502,128,27,33,6,0,0
292,France,Paris,30-03-2020,33599,4376,418,725,36,17,33,14,0,0
293,France,Paris,31-03-2020,39161,7578,499,1517,34,23,34,18,1,0
294,France,Paris,01-04-2020,42022,4861,509,1491,56,29,36,26,0,0
295,France,Paris,02-04-2020,41290,2116,1355,1493,65,25,31,23,0,0
296,France,Paris,03-04-2020,61650,23060,1120,1580,61,26,28,26,0,0
297,France,Paris,04-04-2020,66955,7788,1053,1430,53,26,37,22,0,0
298,France,Paris,05-04-2020,68578,2886,518,745,60,19,39,16,0,0
299,France,Paris,06-04-2020,71849,5171,833,1067,50,24,32,27,0,0
300,France,Paris,07-04-2020,79404,11059,1417,2087,53,30,40,29,0,0
301,France,Paris,08-04-2020,80827,3881,541,1917,67,35,49,40,0,0
302,France,Paris,09-04-2020,82333,4799,1341,1952,69,38,49,43,1,0
303,France,Paris,10-04-2020,86740,7120,987,1726,77,40,53,43,0,0
304,Germany,Berlin,15-02-2020,13,null,0,0,null,20,18,12,null,null
305,Germany,Berlin,16-02-2020,13,0,0,0,null,16,23,6,null,null
306,Germany,Berlin,17-02-2020,9,0,0,4,null,9,34,6,null,null
307,Germany,Berlin,18-02-2020,7,0,0,2,null,7,25,7,null,null
308,Germany,Berlin,19-02-2020,7,0,0,0,null,8,22,8,null,null
309,Germany,Berlin,20-02-2020,3,0,0,4,null,8,19,10,null,null
310,Germany,Berlin,21-02-2020,2,0,0,1,null,13,27,8,null,null
311,Germany,Berlin,22-02-2020,2,0,0,0,null,11,28,5,null,null
312,Germany,Berlin,23-02-2020,2,0,0,0,null,10,30,7,null,null
313,Germany,Berlin,24-02-2020,2,0,0,0,null,7,28,7,null,null
314,Germany,Berlin,25-02-2020,3,2,0,1,null,10,25,10,null,null
315,Germany,Berlin,26-02-2020,11,8,0,0,null,8,22,13,null,null
316,Germany,Berlin,27-02-2020,32,22,0,1,null,10,23,12,null,null
317,Germany,Berlin,28-02-2020,58,26,0,0,null,12,24,13,null,null
318,Germany,Berlin,29-02-2020,63,5,0,0,null,13,25,8,null,null
319,Germany,Berlin,01-03-2020,114,51,0,0,null,16,29,6,null,null
320,Germany,Berlin,02-03-2020,149,35,0,0,null,7,23,12,null,null
321,Germany,Berlin,03-03-2020,187,38,0,0,null,11,18,14,null,null
322,Germany,Berlin,04-03-2020,246,59,0,0,null,11,22,14,null,null
323,Germany,Berlin,05-03-2020,528,283,0,1,null,17,26,11,null,null
324,Germany,Berlin,06-03-2020,652,125,0,1,null,16,22,12,null,null
325,Germany,Berlin,07-03-2020,782,130,0,0,null,18,23,10,null,null
326,Germany,Berlin,08-03-2020,1022,240,0,0,null,22,21,11,null,null
327,Germany,Berlin,09-03-2020,1204,184,2,0,null,19,15,15,null,null
328,Germany,Berlin,10-03-2020,1545,341,0,0,null,15,18,9,null,null
329,Germany,Berlin,11-03-2020,1938,401,1,7,null,10,26,8,null,null
330,Germany,Berlin,12-03-2020,2714,779,3,0,null,9,30,6,null,null
331,Germany,Berlin,13-03-2020,3621,930,2,21,null,8,28,6,null,null
332,Germany,Berlin,14-03-2020,4544,924,1,0,null,8,31,11,null,null
333,Germany,Berlin,15-03-2020,5754,1214,4,0,null,13,31,6,null,null
334,Germany,Berlin,16-03-2020,7188,1459,4,21,null,12,27,15,null,null
335,Germany,Berlin,17-03-2020,9274,2095,9,0,null,19,26,16,null,null
336,Germany,Berlin,18-03-2020,12194,2960,2,38,null,23,30,14,null,null
337,Germany,Berlin,19-03-2020,15161,2993,16,10,null,22,23,11,null,null
338,Germany,Berlin,20-03-2020,19600,4528,24,65,null,19,26,5,null,null
339,Germany,Berlin,21-03-2020,22071,2516,16,29,null,14,29,3,null,null
340,Germany,Berlin,22-03-2020,24513,2509,10,57,null,9,30,4,null,null
341,Germany,Berlin,23-03-2020,28480,4183,29,187,null,7,31,6,null,null
342,Germany,Berlin,24-03-2020,29542,3935,36,2837,null,14,35,8,null,null
343,Germany,Berlin,25-03-2020,33570,4332,47,257,null,21,39,6,null,null
344,Germany,Berlin,26-03-2020,37998,6615,61,2126,null,27,37,6,null,null
345,Germany,Berlin,27-03-2020,43862,6933,84,985,null,32,40,8,null,null
346,Germany,Berlin,28-03-2020,48781,6824,82,1823,null,46,47,7,null,null
347,Germany,Berlin,29-03-2020,52683,4740,108,730,null,47,31,3,null,null
348,Germany,Berlin,30-03-2020,52740,4450,104,4289,null,14,25,9,null,null
349,Germany,Berlin,31-03-2020,54933,4923,130,2600,null,10,30,7,null,null
350,Germany,Berlin,01-04-2020,58350,6173,156,2600,null,9,32,10,null,null
351,Germany,Berlin,02-04-2020,61247,6813,176,3740,null,11,32,6,null,null
352,Germany,Berlin,03-04-2020,65309,6365,168,2135,null,15,31,5,null,null
353,Germany,Berlin,04-04-2020,68248,4933,169,1825,null,15,37,7,null,null
354,Germany,Berlin,05-04-2020,69839,4031,140,2300,null,13,39,6,null,null
355,Germany,Berlin,06-04-2020,72865,3252,226,0,null,21,45,11,null,null
356,Germany,Berlin,07-04-2020,69566,4288,206,7381,null,32,37,11,null,null
357,Germany,Berlin,08-04-2020,64647,5633,333,10219,null,28,47,10,null,null
358,Germany,Berlin,09-04-2020,63221,4939,258,6107,null,25,36,14,null,null
359,Germany,Berlin,10-04-2020,65522,3936,129,1506,null,26,35,5,null,null
360,Italy,Rome,15-02-2020,3,null,0,0,38,21,18,12,0,null
361,Italy,Rome,16-02-2020,3,0,0,0,61,31,16,14,0,null
362,Italy,Rome,17-02-2020,3,0,0,0,82,31,13,18,0,null
363,Italy,Rome,18-02-2020,3,0,0,0,76,31,11,20,0,null
364,Italy,Rome,19-02-2020,3,0,0,0,76,27,10,14,0,null
365,Italy,Rome,20-02-2020,4,1,0,0,68,16,16,10,0,null
366,Italy,Rome,21-02-2020,19,17,1,1,53,22,15,14,0,null
367,Italy,Rome,22-02-2020,75,58,1,1,59,27,18,11,0,null
368,Italy,Rome,23-02-2020,152,78,1,0,70,37,15,13,0,null
369,Italy,Rome,24-02-2020,221,72,4,-1,87,29,16,13,0,null
370,Italy,Rome,25-02-2020,310,94,4,1,61,18,25,6,0,null
371,Italy,Rome,26-02-2020,455,147,1,1,42,19,27,4,0,null
372,Italy,Rome,27-02-2020,593,185,5,42,34,13,22,8,0,null
373,Italy,Rome,28-02-2020,822,234,4,1,25,17,26,4,0,null
374,Italy,Rome,29-02-2020,1049,239,8,4,34,16,23,8,0,null
375,Italy,Rome,01-03-2020,1577,573,12,33,42,26,31,2,0,null
376,Italy,Rome,02-03-2020,1835,335,11,66,42,null,null,null,null,null
377,Italy,Rome,03-03-2020,2263,466,27,11,null,32,24,7,0,null
378,Italy,Rome,04-03-2020,2706,587,28,116,46,13,20,7,0,null
379,Italy,Rome,05-03-2020,3296,769,41,138,34,11,20,7,0,null
380,Italy,Rome,06-03-2020,3916,778,49,109,30,22,28,2,0,null
381,Italy,Rome,07-03-2020,5061,1247,36,66,30,14,null,6,0,null
382,Italy,Rome,08-03-2020,6387,1492,133,33,34,9,null,2,0,null
383,Italy,Rome,09-03-2020,7985,1797,97,102,30,13,23,9,0,null
384,Italy,Rome,10-03-2020,8514,977,168,280,38,15,26,5,0,null
385,Italy,Rome,11-03-2020,10590,2313,196,41,50,28,18,9,0,null
386,Italy,Rome,12-03-2020,12839,2651,189,213,70,28,19,9,0,null
387,Italy,Rome,13-03-2020,14955,2547,250,181,68,32,16,9,0,null
388,Italy,Rome,14-03-2020,17750,3497,175,527,76,25,18,6,0,null
389,Italy,Rome,15-03-2020,20603,3590,368,369,63,19,25,3,0,null
390,Italy,Rome,16-03-2020,23073,3233,349,414,57,20,24,6,0,null
391,Italy,Rome,17-03-2020,26062,3526,345,192,61,26,22,6,0,null
392,Italy,Rome,18-03-2020,28710,4207,475,1084,70,37,19,9,0,null
393,Italy,Rome,19-03-2020,33190,5322,427,415,93,40,22,9,0,null
394,Italy,Rome,20-03-2020,37860,5986,627,689,99,34,21,8,0,null
395,Italy,Rome,21-03-2020,42681,6557,793,943,91,71,19,8,0,null
396,Italy,Rome,22-03-2020,46638,5560,651,952,167,35,null,null,null,null
397,Italy,Rome,23-03-2020,50418,4789,601,408,91,18,27,1,0,null
398,Italy,Rome,24-03-2020,54030,5249,743,894,46,13,26,2,0,null
399,Italy,Rome,25-03-2020,57521,5210,683,1036,50,10,27,3,0,null
400,Italy,Rome,26-03-2020,62013,6203,712,999,34,null,21,5,0,null
401,Italy,Rome,27-03-2020,66414,5909,919,589,null,12,21,5,0,null
402,Italy,Rome,28-03-2020,70065,5974,889,1434,42,32,18,5,0,null
403,Italy,Rome,29-03-2020,73880,5217,756,646,59,63,19,5,0,null
404,Italy,Rome,30-03-2020,75528,4050,812,1590,82,60,22,5,0,null
405,Italy,Rome,31-03-2020,77635,4053,837,1109,72,19,22,3,0,null
406,Italy,Rome,01-04-2020,80572,4782,727,1118,55,12,31,1,0,null
407,Italy,Rome,02-04-2020,83049,4668,760,1431,46,35,29,6,0,null
408,Italy,Rome,03-04-2020,85388,4585,766,1480,95,36,28,6,0,null
409,Italy,Rome,04-04-2020,88274,4805,681,1238,95,17,33,3,0,null
410,Italy,Rome,05-04-2020,91246,4316,525,819,57,20,31,2,0,null
411,Italy,Rome,06-04-2020,93187,3599,636,1022,59,24,null,4,0,null
412,Italy,Rome,07-04-2020,94067,3039,604,1555,65,32,22,6,0,null
413,Italy,Rome,08-04-2020,95262,3836,542,2099,82,35,32,6,0,null
414,Italy,Rome,09-04-2020,96877,4204,610,1979,85,36,32,7,0,null
415,Italy,Rome,10-04-2020,98273,3951,570,1985,87,null,null,null,null,null
416,US,New York,15-02-2020,12,null,0,null,40,null,null,null,null,null
417,US,New York,16-02-2020,12,0,0,null,32,null,null,null,null,null
418,US,New York,17-02-2020,12,0,0,null,47,null,null,null,null,null
419,US,New York,18-02-2020,12,0,0,null,50,null,null,null,null,null
420,US,New York,19-02-2020,12,0,0,null,46,null,null,11,null,null
421,US,New York,20-02-2020,10,0,0,null,38,null,null,11,null,null
422,US,New York,21-02-2020,29,20,0,null,32,null,null,14,null,null
423,US,New York,22-02-2020,29,0,0,null,32,null,null,23,null,null
424,US,New York,23-02-2020,28,0,0,null,38,null,null,null,null,null
425,US,New York,24-02-2020,48,18,0,null,47,null,null,29,null,null
426,US,New York,25-02-2020,51,4,0,null,59,null,null,30,null,null
427,US,New York,26-02-2020,54,3,0,null,45,null,null,null,null,null
428,US,New York,27-02-2020,54,0,0,null,23,null,null,null,null,null
429,US,New York,28-02-2020,57,3,0,null,23,null,null,null,null,null
430,US,New York,29-02-2020,60,5,1,null,29,null,null,null,null,null
431,US,New York,01-03-2020,65,7,0,null,26,null,null,13,null,null
432,US,New York,02-03-2020,85,25,5,null,30,null,null,28,null,null
433,US,New York,03-03-2020,106,24,3,null,39,null,null,23,null,null
434,US,New York,04-03-2020,138,34,2,null,37,null,null,10,null,null
435,US,New York,05-03-2020,200,63,1,null,20,null,null,12,null,null
436,US,New York,06-03-2020,289,98,3,null,25,null,null,19,null,null
437,US,New York,07-03-2020,401,116,4,null,30,null,null,10,null,null
438,US,New York,08-03-2020,504,106,3,null,24,null,null,13,null,null
439,US,New York,09-03-2020,663,163,4,null,27,null,null,24,null,null
440,US,New York,10-03-2020,949,290,4,null,47,null,null,21,null,null
441,US,New York,11-03-2020,1248,307,8,null,43,null,null,15,null,null
442,US,New York,12-03-2020,1581,329,3,null,26,null,null,19,null,null
443,US,New York,13-03-2020,2126,553,7,null,39,null,null,13,null,null
444,US,New York,14-03-2020,2664,587,9,null,28,null,null,7,null,null
445,US,New York,15-03-2020,3484,843,12,null,28,null,null,7,null,null
446,US,New York,16-03-2020,4434,983,18,null,22,null,null,11,null,null
447,US,New York,17-03-2020,6129,1750,23,null,22,null,null,20,null,null
448,US,New York,18-03-2020,9032,2950,40,null,33,null,null,14,null,null
449,US,New York,19-03-2020,13548,4569,56,null,29,null,null,16,null,null
450,US,New York,20-03-2020,19092,5632,49,null,22,null,null,21,null,null
451,US,New York,21-03-2020,23870,4848,46,null,41,null,null,5,null,null
452,US,New York,22-03-2020,33150,9400,113,null,22,null,null,7,null,null
453,US,New York,23-03-2020,43199,10311,142,null,29,null,null,12,null,null
454,US,New York,24-03-2020,54044,11166,225,null,21,null,null,10,null,null
455,US,New York,25-03-2020,67231,13451,247,null,20,null,null,9,null,null
456,US,New York,26-03-2020,82872,17388,268,null,24,null,null,16,null,null
457,US,New York,27-03-2020,100548,18743,401,null,30,null,null,16,null,null
458,US,New York,28-03-2020,118766,19452,525,null,37,null,null,10,null,null
459,US,New York,29-03-2020,137133,20065,370,null,26,null,null,4,null,null
460,US,New York,30-03-2020,156355,20732,558,null,11,null,null,16,null,null
461,US,New York,31-03-2020,178601,24914,914,null,24,null,null,10,null,null
462,US,New York,01-04-2020,202573,26655,1050,null,16,null,null,8,null,null
463,US,New York,02-04-2020,230155,30107,974,null,20,null,null,6,null,null
464,US,New York,03-04-2020,259663,32454,1051,null,14,null,null,6,null,null
465,US,New York,04-04-2020,289987,34196,1330,null,13,null,null,8,null,null
466,US,New York,05-04-2020,311068,25400,1167,null,14,null,null,19,null,null
467,US,New York,06-04-2020,339277,31240,1259,null,41,null,null,9,null,null
468,US,New York,07-04-2020,368778,33502,1973,null,25,null,null,12,null,null
469,US,New York,08-04-2020,397816,31997,1943,null,27,null,null,16,null,null
470,US,New York,09-04-2020,426484,33606,1901,null,41,null,null,12,null,null
471,US,New York,10-04-2020,456815,33752,2035,null,24,null,null,6,null,null
